Source,Target,Weight,Type,Relation
"corp_tax","direct_tax",1020000.00,"Directed","AGGREGATES_INTO"
"income_tax","direct_tax",1156000.00,"Directed","AGGREGATES_INTO"
"gst","indirect_tax",1067650.00,"Directed","AGGREGATES_INTO"
"customs","indirect_tax",231700.00,"Directed","AGGREGATES_INTO"
"excise","indirect_tax",318780.00,"Directed","AGGREGATES_INTO"
"direct_tax","gross_tax",2176000.00,"Directed","FORMS_GROSS_REVENUE"
"indirect_tax","gross_tax",1618130.00,"Directed","FORMS_GROSS_REVENUE"
"gross_tax","devolution",1219783.00,"Directed","DEVOLVES_CONSTITUTIONALLY"
"gross_tax","net_tax",2574347.00,"Directed","NET_TRANSFER_TO_CENTRE"
"net_tax","central_pool",2574347.00,"Directed","CONSOLIDATES_INTO_CFI"
"borrowings","central_pool",1613312.00,"Directed","DEFICIT_FINANCES_CFI"
"non_tax","central_pool",562692.00,"Directed","NON_TAX_SURPLUS_INTO_CFI"
"central_pool","interest",1162940.00,"Directed","SERVICES_PUBLIC_DEBT"
"central_pool","defense",454773.00,"Directed","FUNDS_NATIONAL_SECURITY"
"central_pool","infra",544000.00,"Directed","CAPEX_ALLOCATION"
"central_pool","rural_agri",265808.00,"Directed","AGRI_WELFARE_ALLOCATION"
"central_pool","subsidies",381175.00,"Directed","SUBSIDY_SUPPORT"
"central_pool","social",212450.00,"Directed","HUMAN_CAPITAL_ALLOCATION"
"central_pool","transfers_grants",232000.00,"Directed","FC_STATUTORY_GRANTS"
"central_pool","other_exp",1497205.00,"Directed","CIVIL_GOVERNANCE_EXP"
"defense","mod",454773.00,"Directed","MINISTRY_ENVELOPE"
"mod","def_capex",172000.00,"Directed","CAPITAL_MODERNIZATION"
"mod","def_salaries",282773.00,"Directed","REVENUE_SALARIES_PENSIONS"
"infra","morth",278000.00,"Directed","HIGHWAY_PORTFOLIO"
"infra","railways",252200.00,"Directed","RAILWAY_CAPEX_FUND"
"infra","mohua",82577.00,"Directed","URBAN_INFRA_FUND"
"morth","nhai",168464.00,"Directed","FLAGSHIP_EXPRESSWAYS"
"mohua","pmay",30171.00,"Directed","URBAN_HOUSING_PROGRAM"
"rural_agri","mord",177566.00,"Directed","RURAL_DEVELOPMENT_ENVELOPE"
"rural_agri","moa",132000.00,"Directed","AGRICULTURE_ENVELOPE"
"mord","mgnrega",86000.00,"Directed","GUARANTEED_WAGE_SAFETY"
"moa","pm_kisan",60000.00,"Directed","DIRECT_INCOME_TRANSFER"
"subsidies","food_pds",213000.00,"Directed","FOOD_SUBSIDY_ENVELOPE"
"subsidies","fert_dept",168000.00,"Directed","FERTILIZER_SUBSIDY_ENVELOPE"
"food_pds","nfsa_food",205250.00,"Directed","FOOD_SECURITY_PDS"
"fert_dept","fert_sub",164000.00,"Directed","AGRI_INPUT_SUBSIDY"
"social","mohfw_health",90659.00,"Directed","HEALTHCARE_ENVELOPE"
"mord","pmay",24329.00,"Directed","RURAL_HOUSING_PMAY_G"
"borrowings","infra",544000.00,"Directed","DIRECT_DEBT_TO_CAPEX"
"borrowings","interest",618940.00,"Directed","DEBT_ROLLOVER_FINANCING"
"borrowings","defense",172000.00,"Directed","SECURITY_CAPITAL_BORROWING"
"devolution","rural_agri",350000.00,"Directed","STATE_DEVOLUTION_RURAL_SPEND"
"devolution","social",380000.00,"Directed","STATE_DEVOLUTION_HEALTH_EDU"
"transfers_grants","mord",120000.00,"Directed","PANCHAYAT_TIER_GRANTS"
"non_tax","social",150000.00,"Directed","DIVIDEND_TO_HUMAN_CAPITAL"
"non_tax","infra",200000.00,"Directed","SPECTRUM_AUCTION_TO_INFRA"
"non_tax","other_exp",212692.00,"Directed","ADMIN_COST_ABSORPTION"
"morth","railways",45000.00,"Directed","PM_GATI_SHAKTI_MULTIMODAL"
"food_pds","rural_agri",180000.00,"Directed","MSP_GRAIN_PROCUREMENT"
"moa","fert_dept",120000.00,"Directed","AGRI_FERT_INPUT_SUBSIDY"
"defense","infra",25000.00,"Directed","STRATEGIC_BORDER_ROADS"
"net_tax","transfers_grants",232000.00,"Directed","POST_DEVOLUTION_DEFICIT_GRANTS"
